{"properties":{"connectionReferences":{"shared_commondataserviceforapps":{"runtimeSource":"embedded","connection":{"connectionReferenceLogicalName":"new_sharedcommondataserviceforapps_15965"},"api":{"name":"shared_commondataserviceforapps"}},"shared_gmail":{"runtimeSource":"embedded","connection":{"connectionReferenceLogicalName":"new_sharedgmail_20d5c"},"api":{"name":"shared_gmail"}}},"definition":{"$schema":"https://schema.management.azure.com/providers/Microsoft.Logic/schemas/2016-06-01/workflowdefinition.json#","contentVersion":"1.0.0.0","parameters":{"$connections":{"defaultValue":{},"type":"Object"},"$authentication":{"defaultValue":{},"type":"SecureObject"}},"triggers":{"[Do not delete or update] Invoked Through Execution Workflow Call":{"type":"OpenApiConnectionWebhook","inputs":{"host":{"connectionName":"shared_commondataserviceforapps","operationId":"SubscribeWebhookTrigger","apiId":"/providers/Microsoft.PowerApps/apis/shared_commondataserviceforapps"},"parameters":{"subscriptionRequest/message":3,"subscriptionRequest/entityname":"slakpiinstance","subscriptionRequest/scope":4,"subscriptionRequest/filteringattributes":"versionnumber,createdon"},"authentication":"@parameters('$authentication')"}}},"actions":{"[Do not delete or update] Switch":{"runAfter":{},"cases":{"[Do not delete] Is Near Non Compliance.":{"case":2,"actions":{"Get_a_row_by_ID":{"runAfter":{},"type":"OpenApiConnection","inputs":{"host":{"connectionName":"shared_commondataserviceforapps","operationId":"GetItem","apiId":"/providers/Microsoft.PowerApps/apis/shared_commondataserviceforapps"},"parameters":{"entityName":"incidents","recordId":"@triggerOutputs()?['body/regardingentityid']"},"authentication":"@parameters('$authentication')"}},"Add_a_new_row":{"runAfter":{"Get_a_row_by_ID":["Succeeded"]},"type":"OpenApiConnection","inputs":{"host":{"connectionName":"shared_commondataserviceforapps","operationId":"CreateRecord","apiId":"/providers/Microsoft.PowerApps/apis/shared_commondataserviceforapps"},"parameters":{"entityName":"tasks","item/subject":"Theere is warning for SLA - @{outputs('Get_a_row_by_ID')?['body/ticketnumber']}","item/description":"Please take faster action.","item/regardingobjectid_incident_task@odata.bind":"@triggerOutputs()?['body/regardingentityid']"},"authentication":"@parameters('$authentication')"}}}},"[Do not delete] Is Succeeded.":{"case":4,"actions":{"Send_email_(V2)":{"runAfter":{},"type":"OpenApiConnection","inputs":{"host":{"connectionName":"shared_gmail","operationId":"SendEmailV2","apiId":"/providers/Microsoft.PowerApps/apis/shared_gmail"},"parameters":{"emailMessage/To":"ramawattarun01@gmail.com","emailMessage/Subject":"Your SLA is got Successful. ","emailMessage/Body":"<p>Dear User, <br>\n<br>\nThis is to inform you that your SLA is got successful. Thanks !!</p>"},"authentication":"@parameters('$authentication')"}}}},"[Do not delete] Is Non-compliant.":{"case":1,"actions":{"Get_a_row_by_ID_2":{"runAfter":{},"type":"OpenApiConnection","inputs":{"host":{"connectionName":"shared_commondataserviceforapps","operationId":"GetItem","apiId":"/providers/Microsoft.PowerApps/apis/shared_commondataserviceforapps"},"parameters":{"entityName":"incidents","recordId":"@triggerOutputs()?['body/regardingentityid']"},"authentication":"@parameters('$authentication')"}},"Send_email_(V2)_2":{"runAfter":{"Get_a_row_by_ID_2":["Succeeded"]},"type":"OpenApiConnection","inputs":{"host":{"connectionName":"shared_gmail","operationId":"SendEmailV2","apiId":"/providers/Microsoft.PowerApps/apis/shared_gmail"},"parameters":{"emailMessage/To":"ramawattarun01@gmail.com","emailMessage/Subject":"Your SLA is failed - case number @{outputs('Get_a_row_by_ID_2')?['body/ticketnumber']}","emailMessage/Body":"<p>Dear User, <br>\n<br>\nYour SLA is failed please take appropriate action. <br>\nCase Number - @{outputs('Get_a_row_by_ID_2')?['body/ticketnumber']}</p>"},"authentication":"@parameters('$authentication')"}}}}},"default":{"actions":{}},"expression":"@triggerOutputs()?['body/status']","type":"Switch"}},"outputs":{}}},"schemaVersion":"1.0.0.0"}